{"templates":["00f8818c64798fe6abe39e0622a89d338463398d"],"oligo":{"based_on":"prediction","res_to_mdl":151,"state":"monomer","state_bu":"homo-dimer","qs_prediction":"0.572","qs_conserved":"not conserved","chains_to_mdl":1,"state_tpl":"homo-dimer"},"gdt_ha":null,"pred_lddt":0.9779999852,"gdt_ts":null,"chain_subprj_list":null,"creation_date":"2018-04-24","ligands":[{"description":"PROTOPORPHYRIN IX CONTAINING FE","number":"1","reason":{"sterically_valid":false,"conserved_residues":false,"relevant":true,"bound":true},"included":false,"model_binding_residues":[],"name":["HEM"]},{"description":"PROTOPORPHYRIN IX CONTAINING FE","number":"2","reason":{"sterically_valid":false,"conserved_residues":false,"relevant":true,"bound":true},"included":false,"model_binding_residues":[],"name":["HEM"]}],"modified_template":false,"residue_range":[{"chain_name":"B","residue_from":"2","residue_to":"149"}],"lddt_ca":null,"mod_engine":"PROMOD3","lddt":null}