{"templates":["fae3e454fa6dd5fdb8affd75441c959b757b485e"],"oligo":{"based_on":"monomer","res_to_mdl":142,"state":"monomer","state_bu":"hetero-oligomer","qs_prediction":"0.000","qs_conserved":"not conserved","chains_to_mdl":1,"state_tpl":"monomer"},"gdt_ha":null,"pred_lddt":0.9840000272,"gdt_ts":null,"chain_subprj_list":null,"creation_date":"2018-04-24","ligands":[{"description":"PROTOPORPHYRIN IX CONTAINING FE","number":"1","reason":{"sterically_valid":true,"conserved_residues":true,"relevant":true,"bound":true},"included":true,"model_binding_residues":["A.43","A.44","A.46","A.47","A.59","A.62","A.63","A.66","A.84","A.87","A.88","A.92","A.94","A.98","A.99","A.102","A.137","_.1"],"name":["HEM"]},{"description":"PROTOPORPHYRIN IX CONTAINING FE","number":"2","reason":{"sterically_valid":false,"conserved_residues":false,"relevant":true,"bound":true},"included":false,"model_binding_residues":[],"name":["HEM"]},{"description":"PROTOPORPHYRIN IX CONTAINING FE","number":"3","reason":{"sterically_valid":false,"conserved_residues":false,"relevant":true,"bound":true},"included":false,"model_binding_residues":[],"name":["HEM"]},{"description":"PROTOPORPHYRIN IX CONTAINING FE","number":"4","reason":{"sterically_valid":false,"conserved_residues":false,"relevant":true,"bound":true},"included":false,"model_binding_residues":[],"name":["HEM"]}],"modified_template":false,"residue_range":[{"chain_name":"A","residue_from":"1","residue_to":"142"}],"lddt_ca":null,"mod_engine":"PROMOD3","lddt":null}