{"templates":["1cede06c01251ff3c92528ffe6af6bd8b4e2c61f"],"oligo":{"based_on":"monomer","res_to_mdl":153,"state":"monomer","state_bu":"monomer","qs_prediction":"0.000","qs_conserved":"not conserved","chains_to_mdl":1,"state_tpl":"monomer"},"gdt_ha":null,"pred_lddt":0.9890000224,"gdt_ts":null,"chain_subprj_list":null,"creation_date":"2018-04-24","ligands":[{"description":"PROTOPORPHYRIN IX CONTAINING FE","number":"1","reason":{"sterically_valid":true,"conserved_residues":true,"relevant":true,"bound":true},"included":true,"model_binding_residues":["A.39","A.42","A.43","A.45","A.67","A.68","A.71","A.89","A.92","A.93","A.97","A.99","A.103","A.104","A.107","A.138","_.1"],"name":["HEM"]}],"modified_template":false,"residue_range":[{"chain_name":"A","residue_from":"1","residue_to":"153"}],"lddt_ca":null,"mod_engine":"PROMOD3","lddt":null}