{"templates":["0cd8f09b2f61069929d198a8ef80b0304fe46a21"],"oligo":{"based_on":"monomer","res_to_mdl":137,"state":"monomer","state_bu":"hetero-2-2-mer","qs_prediction":"0.000","qs_conserved":"not conserved","chains_to_mdl":1,"state_tpl":"monomer"},"gdt_ha":null,"pred_lddt":0.9829999804,"gdt_ts":null,"chain_subprj_list":null,"creation_date":"2018-04-24","ligands":[{"description":"PROTOPORPHYRIN IX CONTAINING FE","number":"1","reason":{"sterically_valid":true,"conserved_residues":true,"relevant":true,"bound":true},"included":true,"model_binding_residues":["A.31","A.38","A.41","A.42","A.44","A.45","A.57","A.60","A.61","A.64","A.65","A.82","A.85","A.86","A.90","A.92","A.96","A.97","A.100","A.131","A.135","_.1"],"name":["HEM"]},{"description":"PROTOPORPHYRIN IX CONTAINING FE","number":"3","reason":{"sterically_valid":false,"conserved_residues":false,"relevant":true,"bound":true},"included":false,"model_binding_residues":[],"name":["HEM"]},{"description":"PROTOPORPHYRIN IX CONTAINING FE","number":"5","reason":{"sterically_valid":false,"conserved_residues":false,"relevant":true,"bound":true},"included":false,"model_binding_residues":[],"name":["HEM"]},{"description":"PROTOPORPHYRIN IX CONTAINING FE","number":"7","reason":{"sterically_valid":false,"conserved_residues":false,"relevant":true,"bound":true},"included":false,"model_binding_residues":[],"name":["HEM"]},{"description":"OXYGEN MOLECULE","number":"2","reason":{"sterically_valid":true,"conserved_residues":true,"relevant":true,"bound":true},"included":true,"model_binding_residues":["A.42","A.57","A.61","A.86","_.1","_.2"],"name":["OXY"]},{"description":"OXYGEN MOLECULE","number":"4","reason":{"sterically_valid":false,"conserved_residues":false,"relevant":true,"bound":true},"included":false,"model_binding_residues":[],"name":["OXY"]},{"description":"OXYGEN MOLECULE","number":"6","reason":{"sterically_valid":false,"conserved_residues":false,"relevant":true,"bound":true},"included":false,"model_binding_residues":[],"name":["OXY"]},{"description":"OXYGEN MOLECULE","number":"8","reason":{"sterically_valid":false,"conserved_residues":false,"relevant":true,"bound":true},"included":false,"model_binding_residues":[],"name":["OXY"]}],"modified_template":false,"residue_range":[{"chain_name":"A","residue_from":"1","residue_to":"137"}],"lddt_ca":null,"mod_engine":"PROMOD3","lddt":null}