{"templates":["acb620adf10946d3e138590d039d83cf6b28c4c6"],"oligo":{"based_on":"monomer","res_to_mdl":146,"state":"monomer","state_bu":"monomer","qs_prediction":"0.000","qs_conserved":"not conserved","chains_to_mdl":1,"state_tpl":"monomer"},"gdt_ha":null,"pred_lddt":0.6340000033,"gdt_ts":null,"chain_subprj_list":null,"creation_date":"2018-04-24","ligands":[{"description":"PROTOPORPHYRIN IX CONTAINING FE","number":"1","reason":{"sterically_valid":false,"conserved_residues":false,"relevant":true,"bound":true},"included":false,"model_binding_residues":[],"name":["HEM"]},{"description":"OXYGEN MOLECULE","number":"2","reason":{"sterically_valid":false,"conserved_residues":false,"relevant":true,"bound":true},"included":false,"model_binding_residues":[],"name":["OXY"]},{"description":"CADMIUM ION","number":"3","reason":{"sterically_valid":false,"conserved_residues":false,"relevant":false,"bound":false},"included":false,"model_binding_residues":[],"name":["CD"]},{"description":"CADMIUM ION","number":"4","reason":{"sterically_valid":false,"conserved_residues":false,"relevant":false,"bound":false},"included":false,"model_binding_residues":[],"name":["CD"]},{"description":"CADMIUM ION","number":"5","reason":{"sterically_valid":false,"conserved_residues":false,"relevant":true,"bound":true},"included":false,"model_binding_residues":[],"name":["CD"]},{"description":"CADMIUM ION","number":"6","reason":{"sterically_valid":false,"conserved_residues":false,"relevant":true,"bound":true},"included":false,"model_binding_residues":[],"name":["CD"]},{"description":"CADMIUM ION","number":"7","reason":{"sterically_valid":false,"conserved_residues":false,"relevant":true,"bound":true},"included":false,"model_binding_residues":[],"name":["CD"]},{"description":"CADMIUM ION","number":"8","reason":{"sterically_valid":false,"conserved_residues":false,"relevant":true,"bound":true},"included":false,"model_binding_residues":[],"name":["CD"]},{"description":"ACETATE ION","number":"9","reason":{"sterically_valid":false,"conserved_residues":false,"relevant":true,"bound":true},"included":false,"model_binding_residues":[],"name":["ACT"]},{"description":"ACETATE ION","number":"10","reason":{"sterically_valid":false,"conserved_residues":false,"relevant":true,"bound":true},"included":false,"model_binding_residues":[],"name":["ACT"]},{"description":"ACETATE ION","number":"11","reason":{"sterically_valid":false,"conserved_residues":false,"relevant":false,"bound":false},"included":false,"model_binding_residues":[],"name":["ACT"]},{"description":"ACETATE ION","number":"12","reason":{"sterically_valid":false,"conserved_residues":false,"relevant":true,"bound":true},"included":false,"model_binding_residues":[],"name":["ACT"]},{"description":"ACETATE ION","number":"13","reason":{"sterically_valid":false,"conserved_residues":false,"relevant":false,"bound":false},"included":false,"model_binding_residues":[],"name":["ACT"]},{"description":"ACETATE ION","number":"14","reason":{"sterically_valid":false,"conserved_residues":false,"relevant":true,"bound":true},"included":false,"model_binding_residues":[],"name":["ACT"]}],"modified_template":false,"residue_range":[{"chain_name":"A","residue_from":"1","residue_to":"150"}],"lddt_ca":null,"mod_engine":"PROMOD3","lddt":null}